"name","age"
"jim",1
"jim",1
"jim",2
"jim",1
"jim",33
"jim",6
"jim",1
"jim",58
"jim",1
"jim",2
"jim",5
"jim",1
"jim",8
"jim",1
"jim",1
"jim",2
"jim",8
"jim",12
"jim",648
"jim",2
"jim",21
"jim",2
"jim",81
"jim",28
"jim",1
"jim",81
"jim",2
"jim",18
"jim",122
"jim",1
"jim",22
"jim",15
"jim",1
"jim",1
"jim",2
"jim",1
"jim",33
"jim",6
"jim",1
"jim",58
"jim",1
"jim",2
"jim",5
"jim",1
"jim",8
"jim",1
"jim",1
"jim",2
"jim",8
"jim",12
"jim",648
"jim",2
"jim",21
"jim",2
"jim",81
"jim",28
"jim",1
"jim",81
"jim",2
"jim",18
"jim",122
"jim",1
"jim",22
"jim",15
"jim",1
"jim",1
"jim",2
"jim",1
"jim",33
"jim",6
"jim",1
"jim",58
"jim",1
"jim",2
"jim",5
"jim",1
"jim",8
"jim",1
"jim",1
"jim",2
"jim",8
"jim",12
"jim",648
"jim",2
"jim",21
"jim",2
"jim",81
"jim",28
"jim",1
"jim",81
"jim",2
"jim",18
"jim",122
"jim",1
"jim",22
"jim",15
"jim",1
"jim",1
"jim",2
"jim",1
"jim",33
"jim",6
"jim",1
"jim",58
"jim",1
"jim",2
"jim",5
"jim",1
"jim",8
"jim",1
"jim",1
"jim",2
"jim",8
"jim",12
"jim",648
"jim",2
"jim",21
"jim",2
"jim",81
"jim",28
"jim",1
"jim",81
"jim",2
"jim",18
"jim",122
"jim",1
"jim",22
"jim",15
"jim",1
"jim",2
"jim",5
"jim",1
"jim",8
"jim",1
"jim",1
"jim",2
"jim",8
"jim",12
"jim",648
"jim",2
"jim",21
"jim",2
"jim",81
"jim",28
"jim",1
"jim",81
"jim",2
"jim",18
"jim",122
"jim",1
"jim",1
"jim",2
"jim",5
"jim",1
"jim",8
"jim",1
"jim",1
"jim",2
"jim",8
"jim",12
"jim",648
"jim",2
"jim",21
"jim",2
"jim",81
"jim",28
"jim",1
"jim",81
"jim",2
"jim",18
"jim",122
"jim",1
"jim",1
"jim",2
"jim",5
"jim",1
"jim",8
"jim",1
"jim",1
"jim",2
"jim",8
"jim",12
"jim",648
"jim",2
"jim",21
"jim",2
"jim",81
"jim",28
"jim",1
"jim",81
"jim",2
"jim",18
"jim",122
"jim",1
